"Classi di reddito complessivo in euro";"Classi di eta'";"Numero contribuenti";"Reddito complessivo - Frequenza";"Reddito complessivo - Ammontare in euro";"Reddito complessivo al netto della cedolare secca - Frequenza";"Reddito complessivo al netto della cedolare secca - Ammontare in euro";"Deduzione per abitazione principale - Frequenza";"Deduzione per abitazione principale - Ammontare in euro";"Oneri deducibili - Frequenza";"Oneri deducibili - Ammontare in euro";"Reddito imponibile - Frequenza";"Reddito imponibile - Ammontare in euro";"Imposta lorda - Frequenza";"Imposta lorda - Ammontare in euro";"Detrazioni d'imposta - Frequenza";"Detrazioni d'imposta - Ammontare in euro";"Imposta netta - Frequenza";"Imposta netta - Ammontare in euro";"Crediti d'imposta e ritenute - Frequenza";"Crediti d'imposta e ritenute - Ammontare in euro";"Differenza - Frequenza";"Differenza - Ammontare in euro";"Eccedenza d'imposta risultante dalla precedente dichiarazione - Frequenza";"Eccedenza d'imposta risultante dalla precedente dichiarazione - Ammontare in euro";"Acconti versati - Frequenza";"Acconti versati - Ammontare in euro";"Irpef a credito - Frequenza";"Irpef a credito - Ammontare in euro";"Irpef a debito - Frequenza";"Irpef a debito - Ammontare in euro"
minore di -1.000;0 - 14;0;0;0;0;0;0;0;0;0;0;0;0;0;0;0;0;0;0;0;0;0;0;0;0;0;0;0;0;0
da -1.000 a 0;0 - 14;0;0;0;0;0;0;0;0;0;0;0;0;0;0;0;0;0;0;0;0;0;0;0;0;0;0;0;0;0
zero;0 - 14;387;0;0;0;0;0;0;0;0;0;0;0;0;26;12.713;0;0;;;;;21;10.119;9;5.120;29;16.229;0;0
da 0 a 1.000;0 - 14;22.080;22.080;8.280.617;22.004;8.226.647;175;43.044;8;332;21.949;8.183.271;20.978;1.813.983;19.548;22.884.617;2.673;152.199;2.709;153.102;362;-903;46;16.142;70;12.785;235;38.719;120;9.672
da 1.000 a 1.500;0 - 14;3.426;3.426;4.264.265;3.367;4.162.099;68;25.532;;;3.359;4.136.443;3.198;911.103;3.036;5.261.956;298;78.168;260;69.172;172;8.996;18;4.881;56;16.108;89;24.565;61;12.632
da 1.500 a 2.000;0 - 14;2.545;2.545;4.396.821;2.485;4.252.966;51;22.331;;;2.476;4.230.410;2.326;920.866;2.260;3.953.271;210;73.171;186;64.477;147;8.694;12;45.251;50;15.055;77;66.008;56;14.546
da 2.000 a 2.500;0 - 14;2.299;2.299;5.190.849;2.239;5.000.864;58;16.080;;;2.229;4.984.376;2.091;1.079.463;2.065;3.724.977;137;62.022;108;46.676;129;15.346;20;15.678;65;29.254;75;37.816;36;9.268
da 2.500 a 3.000;0 - 14;1.631;1.631;4.484.398;1.572;4.274.357;48;19.289;4;1.660;1.566;4.253.408;1.464;920.033;1.435;2.562.618;125;68.646;83;44.231;116;24.415;14;8.219;58;33.783;62;31.670;46;14.083
da 3.000 a 3.500;0 - 14;1.128;1.128;3.649.195;1.109;3.542.211;40;11.780;;;1.105;3.530.416;1.014;747.386;1.024;1.832.526;74;46.601;66;42.146;64;4.455;11;3.583;28;14.804;39;21.991;20;8.196
da 3.500 a 4.000;0 - 14;841;841;3.151.555;800;2.952.658;26;7.869;4;5.066;796;2.940.958;739;633.827;746;1.321.838;62;45.659;41;25.581;62;20.078;19;5.953;30;21.573;40;19.426;25;12.123
da 4.000 a 5.000;0 - 14;1.149;1.149;5.129.706;1.069;4.638.522;54;17.393;4;5.246;1.064;4.615.980;954;967.304;967;1.680.749;108;87.451;80;61.420;103;26.031;30;19.764;43;31.825;70;45.644;39;20.290
da 5.000 a 6.000;0 - 14;1.679;1.679;9.311.587;1.627;8.897.779;35;8.378;4;1.912;1.624;8.887.489;1.484;1.875.736;1.541;2.791.623;93;88.791;54;49.038;95;39.753;21;9.849;49;54.518;61;44.122;39;19.521
da 6.000 a 7.500;0 - 14;920;920;6.168.622;865;5.578.155;57;23.107;10;3.567;861;5.552.081;754;1.127.910;779;1.380.227;116;101.294;71;62.163;114;39.131;29;26.262;53;52.325;76;69.632;46;28.928
da 7.500 a 10.000;0 - 14;750;750;6.459.215;698;5.680.285;83;33.620;7;4.769;698;5.641.896;659;1.253.691;663;1.152.731;418;231.126;363;160.885;232;70.241;48;25.387;81;84.503;167;96.673;79;55.354
da 10.000 a 12.000;0 - 14;394;394;4.320.910;376;3.904.539;50;19.414;9;10.794;375;3.874.331;363;879.677;347;575.405;333;344.299;283;264.528;179;79.771;30;11.475;66;84.549;132;66.626;58;47.141
da 12.000 a 15.000;0 - 14;357;357;4.748.994;352;4.483.605;49;22.228;11;19.704;350;4.441.673;346;1.017.176;335;510.376;332;517.157;294;461.043;186;56.114;27;14.847;52;60.427;135;87.180;52;61.433
da 15.000 a 20.000;0 - 14;241;241;4.112.142;235;3.768.577;29;19.454;8;11.873;235;3.737.250;233;873.309;218;290.833;226;587.331;180;463.879;144;123.452;18;18.551;64;110.474;93;62.230;52;54.264
da 20.000 a 26.000;0 - 14;131;131;2.968.584;128;2.773.103;26;12.357;4;8.203;128;2.752.543;128;667.690;122;141.076;128;527.113;93;376.126;84;150.987;10;4.013;40;108.890;51;29.408;33;65.572
da 26.000 a 29.000;0 - 14;32;32;880.089;30;758.209;9;5.956;0;0;30;752.253;30;186.357;27;31.234;29;155.674;23;116.232;25;39.442;4;5.680;11;32.525;16;17.459;8;19.649
da 29.000 a 35.000;0 - 14;37;37;1.164.166;35;1.038.657;7;2.894;;;35;1.031.283;35;268.648;31;36.960;34;232.522;19;118.055;26;114.467;;;19;86.459;8;18.998;16;46.599
da 35.000 a 40.000;0 - 14;16;16;609.551;16;574.310;;;5;21.672;16;551.116;16;151.258;16;16.412;16;134.845;12;83.986;14;50.859;;;9;44.754;5;14.999;9;17.167
da 40.000 a 50.000;0 - 14;24;24;1.064.909;24;1.008.562;;;;;24;997.626;24;291.869;19;23.711;23;262.449;17;161.704;14;100.745;;;8;41.614;4;1.826;11;60.896
da 50.000 a 55.000;0 - 14;8;8;428.100;8;409.550;;;;;8;405.973;8;124.830;8;6.507;8;118.323;5;36.286;7;82.037;;;6;49.025;;;5;34.798
da 55.000 a 60.000;0 - 14;;;;;;0;0;0;0;;;;;;;;;;;;;;;;;0;0;;
da 60.000 a 70.000;0 - 14;9;9;576.041;9;576.041;;;;;9;575.546;9;188.070;;;9;187.301;4;70.997;7;116.304;;;4;21.628;;;6;87.950
da 70.000 a 75.000;0 - 14;;;;;;0;0;;;;;;;;;;;0;0;;;;;;;0;0;;
da 75.000 a 80.000;0 - 14;;;;;;0;0;0;0;;;;;0;0;;;;;0;0;0;0;0;0;0;0;0;0
da 80.000 a 90.000;0 - 14;;;;;;0;0;0;0;;;;;;;;;;;;;0;0;0;0;0;0;;
da 90.000 a 100.000;0 - 14;4;4;389.226;4;389.226;;;0;0;4;389.001;4;139.951;;;4;139.578;4;93.923;;;0;0;;;0;0;;
da 100.000 a 120.000;0 - 14;;;;;;;;0;0;;;;;;;;;;;;;0;0;;;;;0;0
da 120.000 a 150.000;0 - 14;;;;;;;;0;0;;;;;;;;;;;;;;;;;;;;
da 150.000 a 200.000;0 - 14;0;0;0;0;0;0;0;0;0;0;0;0;0;0;0;0;0;0;0;0;0;0;0;0;0;0;0;0;0
da 200.000 a 300.000;0 - 14;;;;;;0;0;0;0;;;;;;;;;;;;;0;0;0;0;0;0;;
oltre 300.000;0 - 14;0;0;0;0;0;0;0;0;0;0;0;0;0;0;0;0;0;0;0;0;0;0;0;0;0;0;0;0;0
minore di -1.000;15 - 24;9;9;-82.583;9;-82.583;0;0;;;0;0;0;0;9;10.212;0;0;;;;;;;0;0;;;0;0
da -1.000 a 0;15 - 24;4;4;-1.610;4;-1.610;0;0;0;0;0;0;0;0;4;4.455;0;0;;;;;;;0;0;;;0;0
zero;15 - 24;27.074;0;0;0;0;0;0;2.210;5.138.784;0;0;0;0;4.219;3.719.813;0;0;;;;;1.742;915.967;396;384.104;2.362;1.495.601;27;68.944
da 0 a 1.000;15 - 24;410.937;410.937;174.170.515;410.226;173.577.484;2.245;681.241;990;2.014.150;408.415;172.540.846;395.188;37.565.475;316.903;196.264.403;159.672;8.200.119;171.390;9.321.856;15.963;-1.121.737;1.398;463.849;773;246.304;13.553;1.838.212;2.924;189.488
da 1.000 a 1.500;15 - 24;115.534;115.534;144.425.843;115.137;143.612.599;891;378.695;;;114.759;142.917.936;111.072;31.525.262;103.333;84.805.094;36.827;5.291.342;45.802;6.735.868;10.942;-1.444.526;670;243.967;482;147.048;9.167;1.710.312;1.940;216.857
da 1.500 a 2.000;15 - 24;92.470;92.470;162.061.343;92.027;160.818.685;776;330.395;;;91.708;160.068.216;89.064;35.469.630;84.748;79.244.766;29.409;5.513.214;39.481;7.592.377;11.813;-2.079.163;646;241.310;498;206.426;9.720;2.249.336;2.222;286.568
da 2.000 a 2.500;15 - 24;77.989;77.989;176.061.903;77.463;174.260.330;730;279.470;;;77.220;173.496.229;75.943;38.996.525;72.810;74.587.742;23.569;5.564.133;35.950;8.943.871;13.892;-3.379.171;757;278.255;494;219.491;11.738;3.395.564;2.327;339.367
da 2.500 a 3.000;15 - 24;69.242;69.242;190.707.010;68.691;188.409.261;762;273.905;421;712.789;68.477;187.547.830;67.317;42.202.155;65.349;72.237.246;18.417;5.349.093;32.295;9.685.433;15.204;-4.336.340;775;322.479;473;242.771;12.886;4.116.399;2.534;408.205
da 3.000 a 3.500;15 - 24;54.379;54.379;176.622.106;54.127;175.010.539;704;253.464;;;53.954;174.009.788;52.986;39.184.493;52.158;61.937.149;14.183;4.360.327;26.963;8.715.160;14.649;-4.354.833;673;292.675;416;212.359;12.463;3.995.813;2.405;416.832
da 3.500 a 4.000;15 - 24;49.632;49.632;186.176.207;49.280;184.060.082;677;223.408;549;917.541;49.136;182.988.997;48.307;41.254.539;47.619;58.554.983;12.425;4.376.051;24.879;9.189.812;14.315;-4.813.761;675;277.324;471;242.606;12.051;4.258.898;2.511;470.479
da 4.000 a 5.000;15 - 24;87.665;87.665;394.461.293;86.946;389.312.369;1.245;462.465;1.192;1.986.375;86.800;386.948.159;85.362;87.221.391;83.940;107.980.158;22.676;9.292.628;46.756;21.295.114;28.624;-12.002.486;1.564;742.628;849;475.334;24.262;10.642.492;4.903;1.011.076
da 5.000 a 6.000;15 - 24;74.007;74.007;406.422.975;73.331;400.426.840;1.161;420.541;1.197;2.086.955;73.238;397.995.665;71.979;89.787.020;71.777;98.343.530;18.226;8.547.317;38.699;19.484.725;25.107;-10.936.315;1.288;577.780;980;659.238;20.636;9.176.001;4.974;1.186.299
da 6.000 a 7.500;15 - 24;94.449;94.449;636.082.676;93.855;628.859.385;1.552;565.302;1.944;3.448.790;93.773;624.899.919;92.279;141.298.681;92.068;134.421.527;58.474;18.018.844;66.699;32.635.824;35.808;-14.612.836;1.917;889.029;1.483;943.709;33.676;21.853.333;3.382;1.205.501
da 7.500 a 10.000;15 - 24;131.518;131.518;1.143.321.255;130.981;1.133.646.272;2.546;934.810;3.382;6.112.901;130.901;1.126.649.159;130.463;258.237.193;130.081;196.691.849;114.132;66.320.670;117.726;75.368.940;55.122;-9.048.270;3.207;1.490.162;2.960;1.916.578;48.978;26.757.406;8.322;2.624.119
da 10.000 a 12.000;15 - 24;84.194;84.194;923.931.776;83.992;917.975.481;1.872;665.059;2.890;5.434.853;83.960;911.911.253;83.911;209.592.429;83.616;129.898.808;81.431;81.017.924;81.135;83.861.418;38.045;-2.838.906;2.393;1.192.788;2.677;1.821.805;30.706;14.882.382;8.299;2.751.788
da 12.000 a 15.000;15 - 24;107.339;107.339;1.443.676.331;107.200;1.437.531.107;2.585;924.135;4.783;8.983.095;107.175;1.427.662.939;107.138;328.260.338;106.760;166.559.644;105.784;162.518.733;104.330;163.658.905;49.712;-1.138.502;2.843;1.463.819;4.485;3.254.286;36.410;16.541.302;14.060;5.326.276
da 15.000 a 20.000;15 - 24;144.875;144.875;2.523.257.906;144.793;2.516.273.677;4.018;1.406.511;7.643;14.033.794;144.778;2.500.854.451;144.764;588.605.672;144.251;212.906.175;144.323;376.015.627;142.048;371.062.620;67.552;4.959.156;3.438;1.886.111;7.514;5.766.315;44.412;18.602.187;24.135;11.431.028
da 20.000 a 26.000;15 - 24;79.477;79.477;1.761.916.725;79.431;1.755.743.216;3.069;1.145.561;5.814;11.563.880;79.424;1.743.041.176;79.422;422.967.302;79.108;104.016.580;79.312;319.075.312;77.729;309.945.115;39.393;9.135.243;1.833;1.275.016;6.186;6.203.177;25.521;12.030.235;14.697;11.391.516
da 26.000 a 29.000;15 - 24;10.242;10.242;279.801.024;10.233;277.650.733;583;239.132;1.195;3.796.297;10.227;273.642.049;10.226;67.861.930;10.116;11.146.907;10.211;56.749.736;9.675;52.313.553;5.910;4.437.187;354;370.545;1.406;2.625.391;3.181;2.033.676;2.793;4.805.945
da 29.000 a 35.000;15 - 24;7.047;7.047;220.716.503;7.030;217.590.941;471;221.098;;;7.027;212.398.475;7.025;55.248.550;6.899;6.568.906;7.018;48.704.553;6.274;40.058.931;4.420;8.646.118;;;1.428;4.104.426;2.180;1.765.617;2.261;6.406.992
da 35.000 a 40.000;15 - 24;2.011;2.011;74.876.431;2.006;73.479.970;;;542;3.032.389;2.006;70.341.026;2.005;19.447.214;1.937;1.501.977;1.995;17.962.865;1.606;11.905.214;1.499;6.057.651;;;651;2.583.859;614;834.840;887;4.125.072
da 40.000 a 50.000;15 - 24;1.601;1.601;70.622.029;1.597;68.898.659;;;;;1.597;65.365.043;1.597;18.982.729;1.491;926.863;1.589;18.072.831;1.145;9.302.030;1.312;8.774.433;;;689;3.992.104;444;842.671;861;5.438.943
da 50.000 a 55.000;15 - 24;434;434;22.727.456;434;22.175.099;;;;;434;21.007.628;434;6.383.939;407;174.674;434;6.209.267;285;2.397.458;388;3.811.809;;;216;1.603.735;;;288;2.415.447
da 55.000 a 60.000;15 - 24;;;;;;31;19.901;125;1.056.285;;;;;;;;;;;;;;;;;67;266.508;;
da 60.000 a 70.000;15 - 24;411;411;26.526.308;410;25.902.379;;;;;410;24.586.220;410;7.890.944;;;410;7.750.679;265;2.804.802;360;4.945.877;;;204;1.872.942;;;282;3.247.556
da 70.000 a 75.000;15 - 24;;;;;;16;10.796;;;;;;;;;;;90;1.002.193;;;;;;;17;55.708;;
da 75.000 a 80.000;15 - 24;;;;;;14;8.348;47;488.386;;;;;76;70.001;;;;;106;1.667.061;13;62.415;62;809.466;34;163.951;73;966.411
da 80.000 a 90.000;15 - 24;;;;;;16;13.221;54;535.835;;;;;;;;;;;;;20;113.176;84;1.128.990;28;161.188;;
da 90.000 a 100.000;15 - 24;124;124;11.837.011;123;11.570.590;;;42;485.248;123;11.075.775;123;3.913.716;;;122;3.829.190;87;1.808.749;;;8;52.252;;;20;110.374;;
da 100.000 a 120.000;15 - 24;;;;;;;;39;399.893;;;;;;;;;;;;;10;59.719;;;;;95;1.701.076
da 120.000 a 150.000;15 - 24;;;;;;;;37;509.596;;;;;;;;;;;;;;;;;;;;
da 150.000 a 200.000;15 - 24;90;90;15.298.480;90;14.901.398;6;5.664;24;346.755;90;14.548.979;90;5.605.010;48;41.907;90;5.562.534;68;3.269.341;69;2.293.193;9;16.222;45;940.366;17;85.983;49;1.425.473
da 200.000 a 300.000;15 - 24;;;;;;8;3.908;21;150.686;;;;;;;;;;;;;7;24.360;46;915.664;11;63.603;;
oltre 300.000;15 - 24;189;189;206.566.430;189;206.509.644;14;22.065;26;209.190;189;206.278.389;189;87.397.300;71;56.415;189;87.340.885;184;82.169.105;99;5.171.780;7;32.853;71;1.740.317;34;191.211;61;3.589.824
minore di -1.000;25 - 44;991;991;-5.807.787;991;-5.874.623;278;156.901;454;1.325.920;0;0;0;0;969;1.365.936;0;0;516;896.752;516;-896.752;415;983.899;73;122.668;693;2.006.026;7;1.323
da -1.000 a 0;25 - 44;557;557;-233.139;557;-243.949;125;63.837;230;483.029;0;0;0;0;546;666.619;0;0;229;177.954;229;-177.954;243;364.489;30;22.261;365;565.021;;
zero;25 - 44;426.111;0;0;0;0;0;0;40.946;111.028.112;;;;;67.292;49.589.148;8;9.327;8.830;6.338.887;8.825;-6.328.980;40.184;29.304.970;6.931;6.945.760;52.233;42.786.329;385;340.590
da 0 a 1.000;25 - 44;729.201;729.201;301.317.283;726.580;298.728.214;148.754;55.192.016;34.599;94.373.142;600.775;235.792.133;556.690;52.083.206;438.197;292.096.413;273.098;15.589.064;306.493;23.587.228;72.444;-7.990.123;33.476;24.841.152;9.925;5.658.940;79.721;39.105.702;17.599;1.146.559
da 1.000 a 1.500;25 - 44;200.222;200.222;249.833.182;198.431;245.631.687;22.302;14.965.823;9.656;25.696.986;185.053;222.507.485;183.518;50.200.724;166.786;153.357.177;66.144;10.867.422;87.995;15.743.199;36.977;-4.874.289;8.862;6.498.096;4.462;1.871.973;33.021;13.297.248;8.138;980.764
da 1.500 a 2.000;25 - 44;178.336;178.336;312.971.638;176.368;306.560.938;15.381;8.705.825;8.453;22.748.677;168.617;287.270.109;165.731;64.283.773;155.112;162.028.597;53.789;11.777.621;80.100;18.605.313;37.775;-6.822.618;7.943;5.807.845;4.307;1.968.170;33.544;14.249.781;7.788;1.153.561
da 2.000 a 2.500;25 - 44;166.201;166.201;375.319.824;163.493;365.075.184;13.838;6.787.414;8.259;21.900.552;157.309;345.189.876;155.818;77.971.758;147.620;166.897.233;47.215;12.882.995;77.504;22.101.688;40.713;-9.212.602;7.852;5.436.567;4.395;2.227.969;36.084;16.167.674;8.039;1.403.266
da 2.500 a 3.000;25 - 44;159.418;159.418;439.199.977;156.742;426.703.763;13.961;6.172.627;8.622;22.873.874;151.177;404.453.410;149.609;91.462.538;144.833;175.161.211;39.839;12.773.449;73.405;24.048.874;43.016;-11.272.561;7.757;5.485.447;4.410;2.490.722;38.139;17.963.840;8.389;1.559.039
da 3.000 a 3.500;25 - 44;141.012;141.012;458.555.006;139.367;447.386.685;12.935;5.558.217;8.958;22.811.289;134.643;423.559.466;133.251;95.913.979;131.123;171.930.501;33.874;11.791.838;67.204;24.249.056;42.291;-12.446.094;7.443;5.224.405;4.022;2.293.594;37.795;18.454.279;8.072;1.581.991
da 3.500 a 4.000;25 - 44;141.871;141.871;532.441.237;139.476;517.412.723;13.116;5.502.576;9.490;24.429.572;135.877;490.591.363;134.366;111.032.749;132.231;182.657.839;31.803;12.510.658;67.109;27.130.316;44.553;-14.615.096;7.740;5.645.095;4.251;2.692.548;39.935;21.033.538;8.460;1.846.412
da 4.000 a 5.000;25 - 44;292.977;292.977;1.324.249.158;288.026;1.286.384.701;28.259;11.323.384;20.928;53.634.865;284.899;1.225.691.556;281.104;276.625.226;273.266;399.443.865;66.260;28.953.975;144.298;69.976.255;102.734;-41.010.138;17.436;12.443.534;9.194;6.094.654;91.083;54.030.459;19.785;4.488.325
da 5.000 a 6.000;25 - 44;282.868;282.868;1.557.793.452;277.530;1.509.303.781;30.838;12.296.656;22.705;58.822.094;275.598;1.441.757.764;272.362;326.638.589;269.440;426.959.091;60.959;28.582.714;134.687;69.230.236;105.184;-40.628.064;17.273;12.555.470;10.559;7.507.937;89.170;52.876.696;24.337;6.073.827
da 6.000 a 7.500;25 - 44;437.178;437.178;2.953.988.566;432.835;2.893.055.106;49.574;19.309.433;37.327;98.295.044;430.772;2.779.238.225;425.205;629.333.545;422.399;737.094.238;181.756;61.430.843;253.769;125.929.500;180.274;-64.445.638;26.695;19.228.441;17.299;12.261.231;173.130;122.062.580;27.909;9.326.702
da 7.500 a 10.000;25 - 44;823.236;823.236;7.222.681.151;819.259;7.136.336.357;113.784;41.771.952;78.010;198.915.951;817.446;6.899.358.054;815.792;1.582.341.958;810.945;1.565.733.022;512.900;261.867.849;635.911;365.865.101;433.200;-103.871.050;54.162;39.192.876;39.355;26.566.860;414.629;289.876.787;58.973;22.247.516
da 10.000 a 12.000;25 - 44;636.577;636.577;6.993.582.289;634.967;6.932.205.449;114.165;42.914.571;73.419;184.326.870;634.167;6.706.936.284;634.067;1.541.752.409;630.869;1.290.195.981;470.720;392.210.851;540.862;496.727.902;396.058;-104.347.846;45.944;34.502.157;40.381;28.878.555;353.720;259.207.708;60.813;24.422.388
da 12.000 a 15.000;25 - 44;885.540;885.540;11.949.615.787;884.506;11.865.324.812;184.468;69.787.290;121.107;313.427.868;883.863;11.483.755.411;883.784;2.640.394.863;879.321;1.842.417.838;734.474;922.712.685;781.072;1.091.555.591;608.219;-168.560.752;64.174;52.727.176;72.091;57.401.072;509.335;402.122.728;113.642;56.701.359
da 15.000 a 20.000;25 - 44;1.598.022;1.598.022;28.120.808.970;1.597.323;27.978.538.411;396.174;148.619.152;229.782;580.461.885;1.596.737;27.251.776.684;1.596.696;6.412.218.625;1.591.141;3.315.243.261;1.488.930;3.192.361.802;1.497.543;3.538.833.005;1.156.909;-346.010.363;97.550;88.206.981;138.974;123.819.893;929.651;754.246.105;237.311;138.538.060
da 20.000 a 26.000;25 - 44;1.948.087;1.948.087;44.323.151.887;1.947.773;44.120.984.471;677.005;266.619.447;307.463;713.800.525;1.947.407;43.142.154.935;1.947.380;10.480.679.733;1.942.943;4.001.011.591;1.902.916;6.531.907.021;1.890.512;7.158.247.759;1.520.234;-625.995.562;94.487;98.782.470;158.375;163.889.835;1.281.505;1.135.044.934;245.125;188.437.267
da 26.000 a 29.000;25 - 44;591.800;591.800;16.236.349.972;591.708;16.120.509.855;252.254;107.728.605;114.321;300.324.759;591.586;15.712.981.019;591.576;3.892.896.933;590.050;1.167.666.939;583.028;2.735.289.451;574.004;2.950.546.920;488.476;-215.147.741;28.337;36.026.423;55.099;75.598.865;393.219;390.611.368;96.180;113.448.364
da 29.000 a 35.000;25 - 44;723.533;723.533;22.878.256.475;723.433;22.657.320.004;352.966;160.357.806;157.954;495.860.404;723.296;22.001.623.393;723.283;5.731.960.854;720.936;1.410.332.571;717.070;4.329.594.957;699.481;4.592.028.735;612.551;-262.219.819;37.390;56.066.582;75.757;137.563.999;503.069;587.295.590;109.279;168.223.383
da 35.000 a 40.000;25 - 44;294.693;294.693;10.978.298.923;294.640;10.826.901.251;154.470;76.382.177;80.310;325.844.611;294.597;10.424.817.772;294.591;2.883.040.947;293.236;543.607.601;292.781;2.341.945.087;281.694;2.399.030.591;257.421;-56.976.546;20.012;35.064.445;41.995;102.668.381;205.126;296.571.929;51.832;112.668.742
da 40.000 a 50.000;25 - 44;280.933;280.933;12.437.415.274;280.893;12.239.155.610;151.611;81.270.184;96.350;491.865.444;280.851;11.666.338.720;280.845;3.400.624.624;279.080;475.047.887;279.594;2.927.479.206;265.569;2.870.217.248;252.314;57.410.002;25.303;51.308.806;52.909;173.175.300;191.162;341.353.118;60.236;183.575.180
da 50.000 a 55.000;25 - 44;76.693;76.693;4.017.198.490;76.677;3.950.551.838;41.952;23.838.234;32.668;190.538.450;76.665;3.736.221.971;76.664;1.136.964.067;76.042;113.212.605;76.439;1.024.073.463;71.971;965.447.112;70.352;58.660.902;9.052;20.684.156;17.704;74.440.586;50.824;109.164.389;19.206;75.119.148
da 55.000 a 60.000;25 - 44;55.987;55.987;3.211.793.371;55.978;3.158.107.715;30.606;18.209.042;26.523;164.012.439;55.970;2.975.971.170;55.970;925.885.213;49.752;79.059.768;55.844;846.966.080;52.355;785.101.289;51.645;61.875.127;7.084;17.328.640;14.094;66.731.292;36.829;86.243.755;14.591;65.776.313
da 60.000 a 70.000;25 - 44;73.204;73.204;4.722.457.092;73.197;4.640.662.820;40.702;25.634.074;37.501;250.724.383;73.184;4.364.358.186;73.184;1.400.826.886;65.320;109.435.811;73.013;1.291.724.460;68.337;1.174.194.207;67.969;117.544.690;9.563;26.032.211;19.660;110.448.973;47.722;124.311.745;19.872;107.622.776
da 70.000 a 75.000;25 - 44;23.832;23.832;1.725.131.276;23.831;1.696.033.301;13.531;8.857.541;13.377;99.278.366;23.831;1.587.906.348;23.831;523.813.613;21.463;37.793.060;23.772;486.113.720;22.151;430.906.873;22.341;55.218.501;3.303;10.045.194;7.154;47.304.887;15.329;45.276.179;6.884;43.902.456
da 75.000 a 80.000;25 - 44;19.238;19.238;1.489.067.982;19.237;1.463.654.148;10.822;7.239.948;10.780;86.431.674;19.233;1.369.987.591;19.233;459.136.164;17.308;30.571.107;19.196;428.547.310;17.829;373.345.675;17.982;55.213.247;2.701;8.251.448;6.052;45.108.905;12.018;37.790.240;5.857;40.254.016
da 80.000 a 90.000;25 - 44;26.316;26.316;2.226.312.248;26.312;2.186.809.671;14.977;10.339.179;15.423;138.378.667;26.309;2.038.105.097;26.309;697.028.815;23.670;43.250.600;26.265;653.714.032;24.229;549.950.231;24.837;103.802.127;3.996;13.313.072;9.266;77.652.198;15.886;54.451.102;8.781;68.057.026
da 90.000 a 100.000;25 - 44;16.858;16.858;1.596.276.679;16.855;1.568.465.373;9.467;6.912.940;10.162;105.843.831;16.854;1.455.725.084;16.854;509.963.187;14.947;28.728.179;16.828;481.279.581;15.526;390.773.636;15.863;90.521.548;2.750;9.516.184;6.720;64.410.380;9.524;37.860.597;6.208;54.921.834
da 100.000 a 120.000;25 - 44;19.889;19.889;2.165.921.240;19.885;2.128.350.095;11.263;8.395.393;12.082;141.153.072;19.883;1.978.808.877;19.883;713.349.590;17.360;35.400.387;19.846;677.981.615;18.216;527.119.943;18.803;150.869.341;3.234;13.413.529;8.388;101.115.323;10.833;46.262.331;7.810;83.138.910
da 120.000 a 150.000;25 - 44;14.066;14.066;1.872.422.963;14.059;1.843.286.041;8.011;6.473.102;8.821;118.957.488;14.057;1.717.860.130;14.057;640.722.877;12.096;27.959.643;14.037;612.834.781;12.759;444.602.667;13.334;168.232.114;2.424;12.188.806;6.698;109.030.885;7.083;38.098.649;6.117;85.416.134
da 150.000 a 200.000;25 - 44;9.651;9.651;1.652.431.372;9.650;1.629.114.842;5.389;4.646.333;6.037;89.973.284;9.650;1.534.495.271;9.650;592.345.555;8.244;21.014.525;9.637;571.327.147;8.683;392.465.632;9.143;178.861.515;1.649;9.934.467;4.959;112.991.976;4.551;29.061.532;4.478;85.294.577
da 200.000 a 300.000;25 - 44;6.173;6.173;1.473.089.284;6.173;1.455.959.300;3.413;3.443.476;3.814;62.407.714;6.172;1.390.108.794;6.172;553.289.042;5.153;15.785.653;6.170;537.508.977;5.549;354.955.001;5.827;182.553.976;1.053;8.034.442;3.269;110.918.487;2.783;22.809.156;2.986;86.561.418
oltre 300.000;25 - 44;4.329;4.329;3.068.924.099;4.329;3.053.300.455;2.270;2.720.594;2.589;58.745.001;4.329;2.991.839.680;4.329;1.252.117.828;3.443;15.267.315;4.325;1.236.898.072;3.940;910.045.840;3.983;326.852.232;824;9.615.284;2.474;194.350.654;1.785;26.290.498;2.156;149.313.536
minore di -1.000;45 - 64;1.974;1.974;-14.758.459;1.974;-15.137.583;850;601.067;1.108;4.035.982;0;0;0;0;1.966;3.069.878;0;0;1.161;3.370.722;1.161;-3.370.722;1.115;4.319.765;126;258.208;1.606;7.955.205;;
da -1.000 a 0;45 - 64;1.264;1.264;-537.205;1.264;-575.338;496;265.983;589;1.424.330;0;0;0;0;1.252;1.642.153;0;0;517;532.538;517;-532.538;690;1.665.290;53;67.016;912;2.263.702;;
zero;45 - 64;250.139;0;0;0;0;;;36.864;119.396.507;;;;;54.516;42.373.105;0;0;5.372;4.501.578;5.373;-4.498.215;33.110;38.343.332;5.663;6.964.078;40.675;50.043.756;322;391.321
da 0 a 1.000;45 - 64;778.107;778.107;324.935.103;774.309;320.701.172;349.558;130.861.409;72.857;227.337.621;556.760;177.330.448;423.518;37.255.685;361.986;297.732.614;226.889;13.476.751;204.114;21.818.228;98.669;-8.335.499;57.686;54.140.019;25.045;13.307.684;95.618;77.968.148;47.693;2.540.371
da 1.000 a 1.500;45 - 64;179.375;179.375;222.284.431;176.719;214.407.357;61.644;41.355.213;19.243;58.214.095;151.023;159.678.566;149.105;35.924.622;131.593;133.616.086;60.515;9.847.656;56.030;12.170.721;46.894;-2.315.271;14.434;13.957.670;13.296;4.943.854;33.292;22.607.072;19.108;2.008.253
da 1.500 a 2.000;45 - 64;149.197;149.197;261.114.221;146.427;248.435.119;41.620;25.938.976;15.508;47.436.931;130.514;204.816.092;128.602;46.041.359;119.112;133.572.948;45.391;10.658.111;50.468;13.213.671;39.192;-2.554.585;11.724;10.949.934;10.773;4.718.372;30.641;19.383.660;13.659;2.089.088
da 2.000 a 2.500;45 - 64;140.350;140.350;316.713.323;136.505;295.854.414;36.710;20.317.626;14.565;43.868.062;123.616;253.460.435;121.615;56.952.716;115.099;139.897.446;39.413;11.724.168;48.775;15.553.793;39.533;-3.826.769;10.970;10.533.210;10.323;5.075.465;31.687;20.543.529;12.780;2.408.865
da 2.500 a 3.000;45 - 64;135.534;135.534;372.325.046;131.839;346.655.891;37.365;18.853.766;15.305;45.488.885;119.452;299.959.310;117.367;67.390.820;115.575;147.515.515;34.089;11.856.150;47.834;17.176.955;40.218;-5.314.248;11.246;10.659.092;9.895;5.465.366;33.310;22.215.243;12.376;2.638.938
da 3.000 a 3.500;45 - 64;118.911;118.911;386.795.126;117.033;365.218.744;32.683;16.396.401;15.822;47.474.254;106.087;315.347.727;104.005;70.764.274;106.283;145.422.137;27.542;10.911.584;42.214;16.776.819;35.499;-5.857.438;10.261;9.288.229;8.586;5.280.385;31.183;20.824.917;9.992;2.228.552
da 3.500 a 4.000;45 - 64;121.721;121.721;457.089.297;118.903;429.485.655;32.181;15.517.310;16.302;48.142.436;110.170;375.798.554;107.832;84.160.036;109.476;157.614.272;26.641;11.886.707;43.085;18.467.390;37.349;-6.571.716;10.598;9.621.418;8.831;5.686.115;33.299;22.164.398;9.949;2.447.528
da 4.000 a 5.000;45 - 64;249.546;249.546;1.127.238.911;243.966;1.063.627.496;66.060;30.942.701;34.624;103.309.026;234.750;943.672.312;229.377;210.674.522;226.876;349.235.545;53.774;27.317.249;93.390;47.613.917;83.404;-20.277.951;22.836;21.484.907;18.107;12.515.514;74.294;54.186.001;21.921;5.685.326
da 5.000 a 6.000;45 - 64;256.615;256.615;1.414.789.420;250.977;1.339.672.765;71.286;33.120.143;37.636;112.113.722;245.290;1.205.206.719;237.455;266.865.426;240.422;400.309.362;51.656;27.163.125;91.033;49.519.803;90.446;-22.319.123;23.594;21.752.214;19.536;14.902.029;77.747;58.016.829;25.465;7.092.060
da 6.000 a 7.500;45 - 64;489.114;489.114;3.300.468.862;484.767;3.199.417.955;132.161;57.080.061;63.921;191.426.952;478.778;2.962.810.387;433.942;612.949.364;468.878;882.826.540;120.256;50.800.583;169.051;89.406.321;157.493;-38.513.299;37.338;34.322.945;31.440;24.269.216;154.880;122.397.905;31.263;11.016.549
da 7.500 a 10.000;45 - 64;768.672;768.672;6.750.829.321;764.571;6.598.349.857;249.213;107.055.493;129.887;383.681.644;758.928;6.120.581.934;754.429;1.399.110.697;752.149;1.514.306.595;395.092;188.825.140;475.905;259.673.836;415.760;-70.624.452;73.008;65.888.535;71.022;52.236.844;401.190;311.329.422;70.111;26.319.838
da 10.000 a 12.000;45 - 64;626.701;626.701;6.889.277.664;624.935;6.770.126.697;237.914;102.556.681;125.529;372.176.991;622.329;6.302.357.653;621.775;1.448.040.371;618.094;1.305.974.732;424.654;316.416.592;457.812;394.611.571;422.691;-77.953.149;63.588;60.297.194;74.464;59.599.122;374.734;302.796.745;74.669;32.477.329
da 12.000 a 15.000;45 - 64;902.386;902.386;12.172.284.500;901.151;11.991.764.890;382.370;167.190.867;211.236;651.732.598;898.697;11.180.903.910;898.283;2.569.955.385;892.620;1.923.822.399;714.228;809.420.308;703.847;933.062.272;679.392;-123.179.501;92.397;94.522.407;128.267;119.505.979;559.305;491.475.725;141.319;77.517.877
da 15.000 a 20.000;45 - 64;1.635.171;1.635.171;28.811.041.575;1.634.130;28.477.013.786;753.989;325.977.918;394.281;1.244.870.978;1.632.035;26.913.772.141;1.631.811;6.319.040.164;1.624.146;3.510.308.431;1.493.881;2.943.725.297;1.430.014;3.217.503.845;1.311.638;-272.806.784;140.184;160.920.341;224.162;252.034.120;1.037.328;939.365.626;284.225;196.849.640
da 20.000 a 26.000;45 - 64;2.483.786;2.483.786;57.079.361.406;2.483.327;56.582.863.303;1.330.247;578.466.728;564.133;1.650.790.586;2.482.112;54.358.404.407;2.482.025;13.193.059.705;2.475.441;5.296.413.390;2.417.788;7.979.902.000;2.348.622;8.671.113.478;2.105.907;-690.454.458;146.882;191.898.259;276.391;358.186.141;1.746.469;1.608.736.752;360.482;300.268.596
da 26.000 a 29.000;45 - 64;1.013.727;1.013.727;27.831.494.568;1.013.586;27.535.351.134;611.431;287.254.841;255.934;779.351.966;1.013.262;26.470.561.578;1.013.240;6.547.103.122;1.010.757;2.072.303.351;998.336;4.494.052.322;969.682;4.811.361.730;898.429;-317.054.957;55.169;81.189.517;121.815;184.301.229;716.275;704.780.876;181.554;191.016.603
da 29.000 a 35.000;45 - 64;1.501.587;1.501.587;47.697.955.112;1.501.432;47.051.242.205;965.661;481.187.301;421.181;1.402.582.691;1.501.021;45.170.896.889;1.501.002;11.744.011.549;1.497.283;2.951.982.495;1.487.663;8.812.388.866;1.440.489;9.260.708.092;1.360.067;-447.971.230;85.808;137.824.440;208.915;374.853.204;1.094.765;1.228.641.524;262.160;329.875.152
da 35.000 a 40.000;45 - 64;784.656;784.656;29.273.008.768;784.563;28.756.382.312;526.897;280.471.166;250.372;959.840.703;784.386;27.517.536.830;784.381;7.592.363.524;782.065;1.488.674.332;779.616;6.112.368.967;751.620;6.265.927.405;725.734;-153.310.780;51.688;96.542.912;129.468;295.643.432;579.583;762.123.177;143.809;237.662.321
da 40.000 a 50.000;45 - 64;805.547;805.547;35.642.609.206;805.465;34.837.720.986;556.300;322.590.211;308.467;1.447.473.057;805.255;33.069.411.408;805.243;9.612.317.837;802.163;1.420.629.365;800.994;8.200.444.051;764.769;8.123.304.595;760.103;77.369.946;66.451;145.007.130;165.544;521.376.495;589.722;956.463.187;167.145;386.523.691
da 50.000 a 55.000;45 - 64;213.887;213.887;11.200.148.630;213.867;10.907.871.861;148.233;93.746.467;96.783;561.045.828;213.806;10.253.859.850;213.802;3.109.573.765;212.699;339.544.261;212.737;2.772.369.993;201.014;2.643.031.761;203.966;129.415.735;22.958;58.396.453;53.844;224.953.008;151.418;307.730.578;51.428;158.437.455
da 55.000 a 60.000;45 - 64;158.085;158.085;9.072.882.976;158.070;8.837.128.441;110.163;72.382.432;76.808;490.130.262;158.036;8.275.376.799;158.036;2.566.841.975;150.926;242.454.503;157.333;2.326.051.597;148.177;2.183.304.928;151.328;142.806.581;18.596;49.682.362;42.271;206.529.093;111.190;251.485.254;39.205;141.499.701
da 60.000 a 70.000;45 - 64;228.180;228.180;14.761.310.456;228.161;14.389.506.204;159.019;109.167.972;121.298;816.146.615;228.109;13.464.739.996;228.105;4.314.135.516;217.933;359.467.537;227.263;3.956.798.357;214.509;3.694.995.790;219.403;261.882.894;28.487;82.919.020;62.544;359.709.530;162.482;411.009.343;55.546;235.311.213
da 70.000 a 75.000;45 - 64;89.702;89.702;6.498.089.794;89.694;6.346.752.930;63.132;45.131.197;52.940;361.455.134;89.678;5.940.325.321;89.678;1.957.914.912;85.849;143.766.106;89.410;1.814.878.314;84.713;1.692.415.436;86.644;122.469.773;11.576;35.101.525;24.754;164.777.250;64.818;176.624.061;21.249;101.231.462
da 75.000 a 80.000;45 - 64;75.421;75.421;5.838.395.487;75.416;5.706.506.840;53.477;39.318.927;46.303;326.088.541;75.402;5.341.542.983;75.402;1.788.312.514;72.305;124.666.065;75.235;1.663.931.827;71.585;1.550.143.393;73.111;113.814.442;9.981;30.815.484;21.387;150.833.013;54.198;158.175.132;18.386;92.122.795
da 80.000 a 90.000;45 - 64;113.066;113.066;9.573.919.954;113.057;9.348.316.609;79.945;61.182.678;72.004;561.108.936;113.040;8.726.567.125;113.040;2.983.975.209;108.524;192.659.213;112.743;2.792.132.587;107.115;2.547.156.946;109.698;244.996.273;15.995;55.023.150;35.663;280.315.649;78.771;252.520.943;30.135;164.755.439
da 90.000 a 100.000;45 - 64;78.074;78.074;7.395.499.106;78.068;7.216.342.515;55.221;43.954.174;50.720;457.328.329;78.057;6.715.283.314;78.057;2.352.639.169;74.581;139.767.094;77.883;2.213.576.628;73.992;1.962.933.597;75.798;250.731.737;11.797;43.227.341;28.033;256.714.347;52.300;188.474.517;22.870;140.934.359
da 100.000 a 120.000;45 - 64;98.224;98.224;10.706.548.284;98.220;10.447.070.925;69.554;58.205.598;65.897;689.500.901;98.195;9.700.151.889;98.194;3.494.183.028;93.071;187.813.729;97.985;3.307.050.864;93.002;2.816.898.806;95.520;490.196.187;16.037;64.143.480;40.545;455.044.750;62.577;254.616.138;32.048;227.863.369
da 120.000 a 150.000;45 - 64;76.772;76.772;10.224.610.203;76.770;9.985.503.517;54.375;49.067.211;51.716;613.053.876;76.756;9.323.952.557;76.756;3.476.264.309;72.301;166.701.008;76.590;3.310.243.476;72.514;2.720.555.537;74.653;589.699.181;12.923;63.307.368;33.598;513.087.943;47.307;229.025.221;26.544;244.360.568
da 150.000 a 200.000;45 - 64;55.310;55.310;9.454.277.553;55.308;9.243.936.118;38.718;38.183.294;37.608;496.247.467;55.300;8.710.500.435;55.300;3.359.850.066;52.123;143.629.593;55.197;3.216.622.206;52.173;2.544.974.214;53.866;671.647.992;9.752;58.989.311;25.701;558.365.032;33.363;201.518.470;19.823;257.586.913
da 200.000 a 300.000;45 - 64;34.551;34.551;8.257.241.928;34.549;8.100.458.655;23.796;26.304.607;24.317;375.611.141;34.546;7.698.557.824;34.546;3.067.533.638;32.412;110.292.524;34.504;2.957.467.954;32.629;2.180.119.213;33.687;777.348.741;6.756;53.536.651;18.084;608.207.287;19.289;159.970.304;13.893;276.994.511
oltre 300.000;45 - 64;25.279;25.279;14.935.651.058;25.279;14.773.553.126;16.701;23.167.515;18.673;405.025.469;25.278;14.345.371.521;25.278;5.983.875.142;23.631;123.830.557;25.256;5.859.884.013;24.067;4.002.220.886;24.653;1.857.663.127;5.303;87.729.022;14.869;1.299.005.900;12.797;214.076.325;11.465;686.208.308
minore di -1.000;oltre 64;440;440;-5.662.584;440;-5.897.525;229;190.322;;;0;0;0;0;437;800.403;0;0;;;;;;;35;227.676;;;;
da -1.000 a 0;oltre 64;182;182;-78.511;182;-93.111;68;44.158;72;208.409;0;0;0;0;182;245.973;0;0;;;;;;;4;7.228;;;0;0
zero;oltre 64;44.361;0;0;0;0;0;0;1.877;5.452.369;0;0;0;0;7.118;4.680.412;0;0;380;298.410;380;-298.410;4.493;6.656.452;980;1.272.679;5.423;8.258.244;44;37.950
da 0 a 1.000;oltre 64;421.542;421.542;191.105.078;420.533;189.726.485;175.864;63.037.307;6.756;13.350.234;342.367;125.771.281;260.874;25.794.887;224.237;311.199.542;72.899;4.365.402;36.373;3.189.777;46.353;1.177.665;11.477;9.284.577;12.064;3.144.220;19.133;12.711.980;32.413;1.482.206
da 1.000 a 1.500;oltre 64;113.614;113.614;139.216.825;112.703;136.090.449;29.507;18.224.377;2.590;4.321.477;107.454;116.652.680;102.479;24.734.889;93.452;110.367.536;32.480;4.932.875;21.887;3.848.338;21.482;1.084.537;3.878;2.836.827;7.390;1.799.209;10.237;4.506.041;10.425;982.398
da 1.500 a 2.000;oltre 64;90.606;90.606;156.330.759;89.621;150.732.750;22.046;12.099.132;2.319;4.109.592;86.714;136.940.333;80.828;28.735.923;78.245;89.975.581;24.518;5.645.910;20.540;4.959.019;16.572;687.092;3.234;2.600.921;6.194;2.290.636;10.179;5.079.649;6.280;916.013
da 2.000 a 2.500;oltre 64;81.527;81.527;182.961.710;80.132;173.197.105;20.942;10.321.330;2.381;4.167.224;77.783;160.630.639;70.968;33.296.928;70.676;82.945.648;22.953;6.668.239;20.776;5.855.974;16.092;812.445;3.015;2.239.261;5.828;2.417.216;10.405;4.829.788;5.673;1.053.595
da 2.500 a 3.000;oltre 64;76.337;76.337;208.686.665;74.979;195.543.752;21.731;9.890.698;2.543;4.082.631;72.558;183.031.864;64.723;37.304.315;67.225;82.793.831;19.156;6.884.050;18.214;6.226.971;15.990;657.079;2.996;2.209.008;6.001;2.941.105;11.034;5.508.316;5.186;1.103.743
da 3.000 a 3.500;oltre 64;70.988;70.988;229.970.938;70.342;218.966.748;19.962;8.760.560;2.839;4.632.062;68.538;206.749.187;60.372;41.723.690;65.813;81.654.483;19.231;7.286.687;19.195;7.494.969;13.941;-208.282;2.935;1.962.607;4.733;2.787.839;11.002;5.653.686;3.681;776.521
da 3.500 a 4.000;oltre 64;69.234;69.234;259.304.101;68.400;247.189.327;19.203;8.571.827;3.061;5.363.031;66.904;234.380.753;58.929;47.475.656;64.673;86.289.647;18.073;7.580.078;17.079;7.856.242;13.645;-276.062;3.055;2.016.195;4.465;2.794.593;10.675;5.835.857;3.764;857.563
da 4.000 a 5.000;oltre 64;130.793;130.793;588.510.328;129.278;562.222.438;37.069;16.051.355;6.252;11.424.565;127.294;536.439.057;110.734;107.466.638;122.709;168.267.570;37.843;18.641.713;36.696;19.662.972;27.189;-1.021.208;6.342;4.657.419;8.456;6.073.060;22.237;13.280.604;6.859;1.769.233
da 5.000 a 6.000;oltre 64;150.038;150.038;828.160.956;148.697;799.227.521;40.767;17.066.769;6.790;12.973.210;147.092;770.684.416;123.690;149.425.029;143.294;222.183.665;35.291;20.608.257;34.183;21.350.602;27.061;-742.255;6.822;5.019.118;8.109;6.884.896;22.359;14.276.135;6.836;2.009.862
da 6.000 a 7.500;oltre 64;1.411.735;1.411.735;9.519.663.450;1.410.625;9.477.995.957;315.225;105.235.344;18.199;32.760.190;1.408.698;9.343.064.685;1.029.724;1.571.410.894;1.399.304;2.647.733.400;53.838;35.755.632;80.216;46.292.427;67.352;-10.534.105;16.079;12.003.539;13.086;11.442.156;68.794;37.588.528;9.083;3.100.336
da 7.500 a 10.000;oltre 64;996.706;996.706;8.687.214.822;995.678;8.599.772.121;403.760;174.215.452;53.945;103.748.748;992.883;8.329.272.407;954.758;1.856.270.128;991.293;1.888.037.395;523.104;182.444.588;565.932;207.550.045;364.624;-25.094.647;38.041;23.506.335;69.918;30.793.474;283.457;93.788.162;94.995;10.045.240
da 10.000 a 12.000;oltre 64;964.574;964.574;10.607.036.407;964.089;10.510.598.257;445.950;190.296.963;76.739;150.031.066;961.757;10.177.402.775;955.985;2.333.095.088;962.057;1.780.286.561;836.718;623.793.495;859.575;694.872.802;593.746;-71.064.636;39.358;26.095.309;120.284;54.079.930;449.533;171.838.650;138.414;17.099.917
da 12.000 a 15.000;oltre 64;1.346.390;1.346.390;18.231.792.409;1.346.006;18.046.772.969;704.032;320.236.884;132.885;267.555.099;1.343.736;17.464.597.389;1.339.362;4.012.115.158;1.343.666;2.340.951.929;1.268.614;1.726.537.620;1.262.458;1.873.514.735;942.072;-146.954.679;62.036;50.667.364;185.192;119.863.786;745.313;356.961.530;188.313;35.590.615
da 15.000 a 20.000;oltre 64;2.346.110;2.346.110;41.113.973.957;2.345.806;40.690.935.316;1.329.507;629.059.019;272.590;542.354.801;2.343.950;39.524.811.877;2.341.760;9.286.414.067;2.343.349;3.801.964.056;2.296.240;5.527.412.040;2.281.204;5.911.916.763;1.755.760;-384.464.528;92.941;87.771.380;289.128;247.282.141;1.461.456;794.702.158;283.743;73.291.777
da 20.000 a 26.000;oltre 64;2.017.752;2.017.752;45.718.377.013;2.017.601;45.047.030.239;1.366.074;697.027.920;312.399;554.089.391;2.016.998;43.799.589.918;2.016.236;10.622.613.117;2.015.766;3.284.430.792;1.994.934;7.362.904.073;1.980.822;7.825.850.072;1.711.171;-462.906.274;89.810;97.745.985;266.477;307.137.394;1.460.932;969.187.929;240.871;97.698.149
da 26.000 a 29.000;oltre 64;721.414;721.414;19.785.091.128;721.368;19.425.621.617;511.826;279.955.801;139.089;228.914.047;721.223;18.917.390.685;721.050;4.681.183.575;720.718;1.143.411.358;715.956;3.544.595.505;709.729;3.722.223.535;640.662;-177.624.034;36.929;44.489.683;105.159;152.380.261;546.703;420.139.808;91.394;51.743.845
da 29.000 a 35.000;oltre 64;984.259;984.259;31.246.364.729;984.201;30.536.047.832;727.243;433.376.099;226.214;392.597.483;984.012;29.711.252.312;983.807;7.728.892.208;983.221;1.527.920.307;978.192;6.210.152.496;968.039;6.419.195.116;900.109;-209.009.704;58.525;78.082.090;172.114;304.380.248;751.679;688.663.456;145.024;105.798.379
da 35.000 a 40.000;oltre 64;462.431;462.431;17.243.014.661;462.396;16.695.133.876;354.397;233.760.389;130.423;251.692.480;462.305;16.211.268.967;462.220;4.475.705.572;461.831;699.537.403;459.776;3.780.527.361;453.214;3.798.957.386;434.284;-18.408.874;33.891;52.823.201;100.733;241.963.474;353.990;392.645.020;78.387;83.498.227
da 40.000 a 50.000;oltre 64;447.948;447.948;19.828.007.478;447.916;18.997.769.181;349.609;256.957.175;156.616;354.386.491;447.818;18.387.463.141;447.747;5.351.012.701;447.081;643.154.729;445.420;4.713.047.827;436.263;4.531.514.313;428.642;181.559.243;42.658;77.666.751;124.919;423.488.321;334.711;460.037.305;91.611;144.928.079
da 50.000 a 55.000;oltre 64;120.889;120.889;6.330.394.128;120.872;6.022.758.221;94.303;76.818.929;50.225;138.810.398;120.828;5.808.153.237;120.805;1.764.594.632;120.543;162.735.280;120.099;1.603.490.744;117.126;1.485.108.742;116.644;118.384.115;14.483;31.813.541;40.443;180.307.468;87.398;153.433.113;28.466;60.944.616
da 55.000 a 60.000;oltre 64;93.314;93.314;5.357.150.165;93.305;5.094.991.469;72.624;61.129.484;41.201;123.267.086;93.284;4.910.911.454;93.276;1.527.038.599;88.197;122.991.817;92.740;1.405.468.809;90.225;1.287.593.137;90.352;117.877.148;12.026;28.195.763;32.027;166.373.074;67.532;129.775.212;22.249;54.105.874
da 60.000 a 70.000;oltre 64;140.247;140.247;9.073.308.278;140.239;8.647.899.027;108.365;93.607.198;66.090;218.902.650;140.200;8.336.236.041;140.186;2.679.671.762;132.237;195.763.718;139.521;2.485.685.068;135.712;2.269.789.786;136.000;215.901.937;19.438;48.913.015;49.331;292.504.255;101.400;218.460.530;33.532;94.508.050
da 70.000 a 75.000;oltre 64;55.088;55.088;3.990.231.908;55.088;3.821.169.578;42.607;37.893.062;27.964;99.889.745;55.069;3.683.809.747;55.062;1.218.495.288;52.095;80.627.151;54.833;1.138.627.043;53.525;1.043.617.310;53.543;95.009.733;8.121;21.115.683;19.488;129.697.973;40.283;94.780.659;12.854;39.602.173
da 75.000 a 80.000;oltre 64;47.458;47.458;3.673.778.144;47.455;3.516.746.897;36.717;32.983.500;25.461;96.848.735;47.441;3.387.147.304;47.438;1.137.807.723;45.034;71.770.965;47.257;1.066.689.760;46.071;974.499.594;46.283;92.190.166;7.349;19.638.955;17.241;121.719.617;34.346;86.413.644;11.591;37.750.680
da 80.000 a 90.000;oltre 64;70.441;70.441;5.963.802.486;70.439;5.690.502.041;54.530;51.347.781;39.637;172.809.251;70.425;5.466.460.790;70.422;1.874.311.590;66.634;115.865.288;70.132;1.759.402.330;68.300;1.570.653.297;68.861;188.749.088;11.777;35.020.856;28.711;224.720.939;48.943;139.005.213;19.349;69.027.329
da 90.000 a 100.000;oltre 64;48.168;48.168;4.561.863.285;48.166;4.340.144.492;37.065;36.031.299;28.580;148.645.337;48.159;4.155.718.572;48.157;1.459.569.352;45.519;86.173.514;47.941;1.374.005.685;46.657;1.191.160.905;47.155;182.844.780;8.770;28.566.510;22.273;197.683.158;31.862;102.810.609;14.834;59.937.040
da 100.000 a 120.000;oltre 64;59.108;59.108;6.434.978.081;59.104;6.106.766.959;45.295;46.141.691;38.238;243.513.890;59.094;5.817.302.635;59.094;2.097.223.286;56.034;118.621.649;58.817;1.979.632.529;57.159;1.634.096.261;58.070;345.542.350;11.526;41.749.917;32.185;336.051.770;36.064;134.920.777;21.356;103.442.329
da 120.000 a 150.000;oltre 64;41.682;41.682;5.543.177.876;41.681;5.240.691.163;31.655;33.911.284;28.501;217.194.394;41.672;4.989.607.137;41.671;1.859.049.867;39.689;98.526.589;41.484;1.761.304.927;39.923;1.346.635.191;40.984;414.669.736;8.152;35.575.723;26.109;376.951.909;23.489;105.680.426;17.015;108.274.809
da 150.000 a 200.000;oltre 64;28.952;28.952;4.949.500.353;28.950;4.682.966.426;21.499;24.915.818;20.165;179.504.270;28.947;4.478.591.772;28.947;1.726.088.406;27.680;84.839.681;28.827;1.641.936.781;27.639;1.194.277.845;28.559;447.658.936;5.894;31.993.311;18.891;393.602.583;15.680;91.482.627;12.474;113.941.641
da 200.000 a 300.000;oltre 64;17.013;17.013;4.053.273.049;17.010;3.822.412.585;12.293;15.525.596;12.395;134.193.558;17.008;3.672.704.512;17.007;1.461.119.303;16.350;64.588.950;16.903;1.397.170.195;16.095;922.747.244;16.793;474.422.951;3.569;28.274.301;12.258;402.932.261;8.493;75.476.539;8.007;118.828.294
oltre 300.000;oltre 64;11.152;11.152;6.612.445.584;11.152;6.405.447.532;7.381;11.048.349;8.306;148.418.938;11.149;6.246.231.267;11.149;2.606.197.204;10.705;61.912.432;11.110;2.544.970.613;10.549;1.427.764.854;11.038;1.117.205.759;2.552;47.961.200;8.718;845.065.123;4.952;102.556.161;5.874;326.969.994
